timestamp,model_name,model_size,removed_layers,removed_blocks,train_mode,unfrozen_layers,dd_subfolders,ndd_subfolders,dataset_scale,dataset_size,n_train,n_val,n_test,noise_type,noise_scale,noise_frac,mixup_prob,mixup_alpha,learning_rate,batch_size,epochs,epochs_trained,es_monitor,es_patience,best_val_loss,best_val_acc,best_val_auc,test_loss,test_acc,test_auc,test_eer,test_uar,total_params,trainable_params,model_size_kb
2026-05-05 11:43:44,DDSD_scratch_20260505_114343,all,-,-,scratch,-,"DD_NA,DD_A",NDD_S,1.0,-,355,44,45,none,0.0,0.0,0.0,0.0,0.01,4,100,17,val_auc,10,0.582102358341217,0.8181818127632141,0.8450413346290588,1.741428,0.733333,0.767901,0.266798,0.735178,24258,23106,94.8
2026-05-05 11:44:20,DDSD_scratch_20260505_114420,all,-,-,scratch,-,"DD_NA,DD_A",NDD_S,1.0,-,355,44,45,none,0.0,0.0,0.0,0.0,0.001,4,100,18,val_auc,10,0.5218477249145508,0.7272727489471436,0.8259297013282776,1.206275,0.711111,0.751605,0.355731,0.709486,24258,23106,94.8
2026-05-05 11:45:11,DDSD_scratch_20260505_114511,all,-,-,scratch,-,"DD_NA,DD_A",NDD_S,1.0,-,355,44,45,none,0.0,0.0,0.0,0.0,0.0001,4,100,30,val_auc,10,0.692842423915863,0.6363636255264282,0.7574896812438965,0.75047,0.711111,0.754815,0.266798,0.708498,24258,23106,94.8
2026-05-05 11:46:16,DDSD_scratch_20260505_114616,all,-,-,scratch,-,"DD_NA,DD_A",NDD_S,1.0,-,355,44,45,none,0.0,0.0,0.0,0.0,1e-05,4,100,37,val_auc,10,0.536723792552948,0.8181818127632141,0.8290289640426636,1.248048,0.711111,0.724938,0.266798,0.710474,24258,23106,94.8
2026-05-05 11:47:07,DDSD_scratch_20260505_114707,all,-,-,scratch,-,"DD_NA,DD_A",NDD_S,1.0,-,355,44,45,none,0.0,0.0,0.0,0.0,0.01,16,100,28,val_auc,10,0.6246944665908813,0.75,0.8192148804664612,1.172223,0.8,0.821728,0.199605,0.800395,24258,23106,94.8
2026-05-05 11:47:56,DDSD_scratch_20260505_114755,all,-,-,scratch,-,"DD_NA,DD_A",NDD_S,1.0,-,355,44,45,none,0.0,0.0,0.0,0.0,0.001,16,100,14,val_auc,10,0.6151947379112244,0.7045454382896423,0.7825413346290588,0.753191,0.644444,0.67679,0.333004,0.642292,24258,23106,94.8
2026-05-05 11:49:41,DDSD_scratch_20260505_114940,all,-,-,scratch,-,"DD_NA,DD_A",NDD_S,1.0,-,355,44,45,none,0.0,0.0,0.0,0.0,0.0001,16,100,56,val_auc,10,0.6925893425941467,0.6818181872367859,0.758264422416687,0.803463,0.711111,0.776296,0.244071,0.706522,24258,23106,94.8
2026-05-05 11:50:25,DDSD_scratch_20260505_115025,all,-,-,scratch,-,"DD_NA,DD_A",NDD_S,1.0,-,355,44,45,none,0.0,0.0,0.0,0.0,1e-05,16,100,16,val_auc,10,0.7542470693588257,0.6136363744735718,0.620351254940033,1.182153,0.511111,0.591111,0.378458,0.5,24258,23106,94.8
2026-05-05 11:51:08,DDSD_scratch_20260505_115108,all,-,-,scratch,-,"DD_NA,DD_A",NDD_S,1.0,-,355,44,45,none,0.0,0.0,0.0,0.0,0.01,32,100,22,val_auc,10,1.3095088005065918,0.6136363744735718,0.7298553586006165,3.540315,0.8,0.861235,0.222332,0.798419,24258,23106,94.8
2026-05-05 11:51:41,DDSD_scratch_20260505_115141,all,-,-,scratch,-,"DD_NA,DD_A",NDD_S,1.0,-,355,44,45,none,0.0,0.0,0.0,0.0,0.001,32,100,14,val_auc,10,0.5800351500511169,0.7272727489471436,0.7474173307418823,0.6714,0.644444,0.785185,0.244071,0.641304,24258,23106,94.8
2026-05-05 11:53:18,DDSD_scratch_20260505_115318,all,-,-,scratch,-,"DD_NA,DD_A",NDD_S,1.0,-,355,44,45,none,0.0,0.0,0.0,0.0,0.0001,32,100,63,val_auc,10,0.7302083969116211,0.6590909361839294,0.7231404781341553,0.639076,0.688889,0.798519,0.200593,0.683794,24258,23106,94.8
2026-05-05 11:53:52,DDSD_scratch_20260505_115352,all,-,-,scratch,-,"DD_NA,DD_A",NDD_S,1.0,-,355,44,45,none,0.0,0.0,0.0,0.0,1e-05,32,100,11,val_auc,10,2.142237663269043,0.5,0.5,9.841744,0.511111,0.511111,0.509881,0.5,24258,23106,94.8
2026-05-05 11:54:40,DDSD_scratch_20260505_115440,all,-,-,scratch,-,"DD_NA,DD_A",NDD_S,1.0,-,355,44,45,none,0.0,0.0,0.0,0.0,0.01,64,100,28,val_auc,10,1.3565469980239868,0.6590909361839294,0.6658058166503906,2.056383,0.555556,0.625679,0.266798,0.564229,24258,23106,94.8
2026-05-05 11:55:21,DDSD_scratch_20260505_115521,all,-,-,scratch,-,"DD_NA,DD_A",NDD_S,1.0,-,355,44,45,none,0.0,0.0,0.0,0.0,0.001,64,100,22,val_auc,10,0.8246709704399109,0.5681818127632141,0.6735537052154541,2.034979,0.511111,0.664198,0.311265,0.5,24258,23106,94.8
2026-05-05 11:56:14,DDSD_scratch_20260505_115614,all,-,-,scratch,-,"DD_NA,DD_A",NDD_S,1.0,-,355,44,45,none,0.0,0.0,0.0,0.0,0.0001,64,100,32,val_auc,10,0.6802505850791931,0.7045454382896423,0.7221074104309082,0.870577,0.533333,0.607901,0.355731,0.530632,24258,23106,94.8
2026-05-05 11:56:41,DDSD_scratch_20260505_115641,all,-,-,scratch,-,"DD_NA,DD_A",NDD_S,1.0,-,355,44,45,none,0.0,0.0,0.0,0.0,1e-05,64,100,12,val_auc,10,1.4026707410812378,0.5,0.511363685131073,3.172003,0.488889,0.575802,0.355731,0.5,24258,23106,94.8
2026-05-05 15:37:29,DDSD_head_20260505_153729,all,-,-,head,-,"DD_NA,DD_A",NDD_S,1.0,-,355,44,45,none,0.0,0.0,0.0,0.0,0.01,4,100,25,val_auc,10,0.5772489905357361,0.7045454382896423,0.76962810754776,0.677557,0.688889,0.727901,0.333992,0.686759,24258,130,94.8
2026-05-05 15:38:31,DDSD_head_20260505_153831,all,-,-,head,-,"DD_NA,DD_A",NDD_S,1.0,-,355,44,45,none,0.0,0.0,0.0,0.0,0.001,4,100,51,val_auc,10,0.6582448482513428,0.6818181872367859,0.7060950994491577,0.691425,0.6,0.700247,0.378458,0.59585,24258,130,94.8
2026-05-05 15:40:19,DDSD_head_20260505_154019,all,-,-,head,-,"DD_NA,DD_A",NDD_S,1.0,-,355,44,45,none,0.0,0.0,0.0,0.0,0.0001,4,100,100,val_auc,10,0.6851142644882202,0.6590909361839294,0.649276852607727,0.676717,0.577778,0.677531,0.311265,0.573123,24258,130,94.8
2026-05-05 15:40:51,DDSD_head_20260505_154051,all,-,-,head,-,"DD_NA,DD_A",NDD_S,1.0,-,355,44,45,none,0.0,0.0,0.0,0.0,1e-05,4,100,18,val_auc,10,0.6976368427276611,0.47727271914482117,0.5991735458374023,0.732704,0.466667,0.545185,0.37747,0.477273,24258,130,94.8
2026-05-05 15:41:39,DDSD_head_20260505_154139,all,-,-,head,-,"DD_NA,DD_A",NDD_S,1.0,-,355,44,45,none,0.0,0.0,0.0,0.0,0.01,16,100,37,val_auc,10,0.575326681137085,0.7045454382896423,0.7753099203109741,0.668884,0.688889,0.732346,0.333992,0.686759,24258,130,94.8
2026-05-05 15:42:34,DDSD_head_20260505_154234,all,-,-,head,-,"DD_NA,DD_A",NDD_S,1.0,-,355,44,45,none,0.0,0.0,0.0,0.0,0.001,16,100,44,val_auc,10,0.6727028489112854,0.6590909361839294,0.6621900796890259,0.719037,0.622222,0.636543,0.400198,0.617589,24258,130,94.8
2026-05-05 15:44:20,DDSD_head_20260505_154420,all,-,-,head,-,"DD_NA,DD_A",NDD_S,1.0,-,355,44,45,none,0.0,0.0,0.0,0.0,0.0001,16,100,100,val_auc,10,0.7250732779502869,0.5681818127632141,0.5619834661483765,0.693257,0.577778,0.632593,0.378458,0.571146,24258,130,94.8
2026-05-05 15:45:53,DDSD_head_20260505_154553,all,-,-,head,-,"DD_NA,DD_A",NDD_S,1.0,-,355,44,45,none,0.0,0.0,0.0,0.0,1e-05,16,100,82,val_auc,10,0.6913177967071533,0.6590909361839294,0.6516011953353882,0.706977,0.577778,0.61358,0.333004,0.576087,24258,130,94.8
2026-05-05 15:46:46,DDSD_head_20260505_154646,all,-,-,head,-,"DD_NA,DD_A",NDD_S,1.0,-,355,44,45,none,0.0,0.0,0.0,0.0,0.01,32,100,38,val_auc,10,0.6384392380714417,0.7045454382896423,0.7138429880142212,0.691001,0.6,0.708642,0.37747,0.59585,24258,130,94.8
2026-05-05 15:48:18,DDSD_head_20260505_154818,all,-,-,head,-,"DD_NA,DD_A",NDD_S,1.0,-,355,44,45,none,0.0,0.0,0.0,0.0,0.001,32,100,66,val_auc,10,0.6724328994750977,0.6136363744735718,0.6652892827987671,0.679104,0.644444,0.711111,0.311265,0.639328,24258,130,94.8
2026-05-05 15:49:43,DDSD_head_20260505_154943,all,-,-,head,-,"DD_NA,DD_A",NDD_S,1.0,-,355,44,45,none,0.0,0.0,0.0,0.0,0.0001,32,100,85,val_auc,10,0.680223286151886,0.5909090638160706,0.6451445817947388,0.69842,0.644444,0.62321,0.400198,0.63834,24258,130,94.8
2026-05-05 15:50:11,DDSD_head_20260505_155011,all,-,-,head,-,"DD_NA,DD_A",NDD_S,1.0,-,355,44,45,none,0.0,0.0,0.0,0.0,1e-05,32,100,12,val_auc,10,0.7458503842353821,0.5454545617103577,0.4548037052154541,0.757145,0.511111,0.495309,0.62253,0.504941,24258,130,94.8
2026-05-05 15:51:30,DDSD_head_20260505_155130,all,-,-,head,-,"DD_NA,DD_A",NDD_S,1.0,-,355,44,45,none,0.0,0.0,0.0,0.0,0.01,64,100,73,val_auc,10,0.6067286729812622,0.7045454382896423,0.754648745059967,0.665426,0.622222,0.722963,0.356719,0.618577,24258,130,94.8
2026-05-05 15:52:48,DDSD_head_20260505_155248,all,-,-,head,-,"DD_NA,DD_A",NDD_S,1.0,-,355,44,45,none,0.0,0.0,0.0,0.0,0.001,64,100,70,val_auc,10,0.6948351263999939,0.6136363744735718,0.6265496015548706,0.709992,0.666667,0.653086,0.467391,0.661067,24258,130,94.8
2026-05-05 15:53:12,DDSD_head_20260505_155311,all,-,-,head,-,"DD_NA,DD_A",NDD_S,1.0,-,355,44,45,none,0.0,0.0,0.0,0.0,0.0001,64,100,11,val_auc,10,0.749226987361908,0.5454545617103577,0.5268595218658447,0.792395,0.466667,0.464198,0.488142,0.477273,24258,130,94.8
2026-05-05 15:53:42,DDSD_head_20260505_155342,all,-,-,head,-,"DD_NA,DD_A",NDD_S,1.0,-,355,44,45,none,0.0,0.0,0.0,0.0,1e-05,64,100,19,val_auc,10,0.7524060606956482,0.47727271914482117,0.4917355477809906,0.787527,0.422222,0.422716,0.533597,0.431818,24258,130,94.8
2026-05-05 17:07:21,DDSD_layers_20260505_170721,all,-,-,layers,"-7, -6, -5, -4, -3, -2, -1","DD_NA,DD_A",NDD_S,1.0,-,355,44,45,none,0.0,0.0,0.0,0.0,0.01,4,100,33,val_auc,10,0.5305866599082947,0.8181818127632141,0.8331611156463623,0.737846,0.711111,0.73284,0.266798,0.710474,24258,4418,94.8
2026-05-05 17:07:52,DDSD_layers_20260505_170752,all,-,-,layers,"-7, -6, -5, -4, -3, -2, -1","DD_NA,DD_A",NDD_S,1.0,-,355,44,45,none,0.0,0.0,0.0,0.0,0.001,4,100,16,val_auc,10,0.5167556405067444,0.8181818127632141,0.8398759961128235,0.721434,0.711111,0.712099,0.266798,0.712451,24258,4418,94.8
2026-05-05 17:08:40,DDSD_layers_20260505_170840,all,-,-,layers,"-7, -6, -5, -4, -3, -2, -1","DD_NA,DD_A",NDD_S,1.0,-,355,44,45,none,0.0,0.0,0.0,0.0,0.0001,4,100,29,val_auc,10,0.5401224493980408,0.7045454382896423,0.8013946413993835,0.674661,0.666667,0.723457,0.333992,0.663043,24258,4418,94.8
2026-05-05 17:11:10,DDSD_layers_20260505_171110,all,-,-,layers,"-7, -6, -5, -4, -3, -2, -1","DD_NA,DD_A",NDD_S,1.0,-,355,44,45,none,0.0,0.0,0.0,0.0,1e-05,4,100,100,val_auc,10,0.5904054045677185,0.75,0.7680785655975342,0.648517,0.644444,0.717531,0.333992,0.639328,24258,4418,94.8
2026-05-05 17:11:40,DDSD_layers_20260505_171140,all,-,-,layers,"-7, -6, -5, -4, -3, -2, -1","DD_NA,DD_A",NDD_S,1.0,-,355,44,45,none,0.0,0.0,0.0,0.0,0.01,16,100,14,val_auc,10,0.5359865427017212,0.75,0.8228306174278259,0.80528,0.666667,0.702469,0.355731,0.670949,24258,4418,94.8
2026-05-05 17:12:18,DDSD_layers_20260505_171218,all,-,-,layers,"-7, -6, -5, -4, -3, -2, -1","DD_NA,DD_A",NDD_S,1.0,-,355,44,45,none,0.0,0.0,0.0,0.0,0.001,16,100,25,val_auc,10,0.48953065276145935,0.7954545617103577,0.8440083265304565,0.682413,0.711111,0.756049,0.333004,0.713439,24258,4418,94.8
2026-05-05 17:13:29,DDSD_layers_20260505_171329,all,-,-,layers,"-7, -6, -5, -4, -3, -2, -1","DD_NA,DD_A",NDD_S,1.0,-,355,44,45,none,0.0,0.0,0.0,0.0,0.0001,16,100,55,val_auc,10,0.5209692716598511,0.75,0.8155991435050964,0.657475,0.666667,0.740988,0.333004,0.664032,24258,4418,94.8
2026-05-05 17:15:20,DDSD_layers_20260505_171520,all,-,-,layers,"-7, -6, -5, -4, -3, -2, -1","DD_NA,DD_A",NDD_S,1.0,-,355,44,45,none,0.0,0.0,0.0,0.0,1e-05,16,100,100,val_auc,10,1.4145642518997192,0.5,0.6275826692581177,1.689766,0.511111,0.56642,0.400198,0.5,24258,4418,94.8
2026-05-05 17:15:50,DDSD_layers_20260505_171550,all,-,-,layers,"-7, -6, -5, -4, -3, -2, -1","DD_NA,DD_A",NDD_S,1.0,-,355,44,45,none,0.0,0.0,0.0,0.0,0.01,32,100,15,val_auc,10,0.569346010684967,0.75,0.774276852607727,0.796775,0.688889,0.682469,0.26581,0.692688,24258,4418,94.8
2026-05-05 17:16:39,DDSD_layers_20260505_171639,all,-,-,layers,"-7, -6, -5, -4, -3, -2, -1","DD_NA,DD_A",NDD_S,1.0,-,355,44,45,none,0.0,0.0,0.0,0.0,0.001,32,100,32,val_auc,10,0.4961046278476715,0.7727272510528564,0.8403925895690918,0.662628,0.666667,0.754074,0.311265,0.666996,24258,4418,94.8
2026-05-05 17:18:09,DDSD_layers_20260505_171809,all,-,-,layers,"-7, -6, -5, -4, -3, -2, -1","DD_NA,DD_A",NDD_S,1.0,-,355,44,45,none,0.0,0.0,0.0,0.0,0.0001,32,100,85,val_auc,10,0.5441375970840454,0.6818181872367859,0.7882230877876282,0.643148,0.622222,0.72642,0.288538,0.619565,24258,4418,94.8
2026-05-05 17:19:51,DDSD_layers_20260505_171951,all,-,-,layers,"-7, -6, -5, -4, -3, -2, -1","DD_NA,DD_A",NDD_S,1.0,-,355,44,45,none,0.0,0.0,0.0,0.0,1e-05,32,100,100,val_auc,10,0.5738604068756104,0.6818181872367859,0.7781507968902588,0.743916,0.622222,0.640741,0.488142,0.62747,24258,4418,94.8
2026-05-05 17:20:32,DDSD_layers_20260505_172032,all,-,-,layers,"-7, -6, -5, -4, -3, -2, -1","DD_NA,DD_A",NDD_S,1.0,-,355,44,45,none,0.0,0.0,0.0,0.0,0.01,64,100,15,val_auc,10,0.5422857999801636,0.75,0.8063016533851624,0.694121,0.688889,0.746667,0.289526,0.6917,24258,4418,94.8
2026-05-05 17:20:57,DDSD_layers_20260505_172057,all,-,-,layers,"-7, -6, -5, -4, -3, -2, -1","DD_NA,DD_A",NDD_S,1.0,-,355,44,45,none,0.0,0.0,0.0,0.0,0.001,64,100,11,val_auc,10,0.6314742565155029,0.6363636255264282,0.7592974901199341,0.673919,0.6,0.620988,0.354743,0.599802,24258,4418,94.8
2026-05-05 17:22:47,DDSD_layers_20260505_172247,all,-,-,layers,"-7, -6, -5, -4, -3, -2, -1","DD_NA,DD_A",NDD_S,1.0,-,355,44,45,none,0.0,0.0,0.0,0.0,0.0001,64,100,100,val_auc,10,0.5195801258087158,0.6818181872367859,0.8279958963394165,0.632858,0.666667,0.754321,0.356719,0.664032,24258,4418,94.8
2026-05-05 17:24:35,DDSD_layers_20260505_172435,all,-,-,layers,"-7, -6, -5, -4, -3, -2, -1","DD_NA,DD_A",NDD_S,1.0,-,355,44,45,none,0.0,0.0,0.0,0.0,1e-05,64,100,100,val_auc,10,0.7102996110916138,0.5909090638160706,0.6291322112083435,0.71609,0.533333,0.652346,0.400198,0.52668,24258,4418,94.8
2026-05-06 16:37:50,DDSD_layers_20260506_163750,all,-,-,layers,all,"DD_NA,DD_A",NDD_S,1.0,-,355,44,45,none,0.0,0.0,0.0,0.0,0.01,4,100,17,val_auc,10,0.527809202671051,0.8636363744735718,0.8579545617103577,1.489347,0.688889,0.786914,0.222332,0.690711,24258,23106,94.8
2026-05-06 16:38:25,DDSD_layers_20260506_163825,all,-,-,layers,all,"DD_NA,DD_A",NDD_S,1.0,-,355,44,45,none,0.0,0.0,0.0,0.0,0.001,4,100,13,val_auc,10,0.4940388798713684,0.7272727489471436,0.8300620317459106,0.608853,0.733333,0.791111,0.244071,0.731225,24258,23106,94.8
2026-05-06 16:38:58,DDSD_layers_20260506_163858,all,-,-,layers,all,"DD_NA,DD_A",NDD_S,1.0,-,355,44,45,none,0.0,0.0,0.0,0.0,0.0001,4,100,12,val_auc,10,0.5013226866722107,0.8409090638160706,0.8817148208618164,0.605214,0.755556,0.783951,0.355731,0.758893,24258,23106,94.8
2026-05-06 16:40:27,DDSD_layers_20260506_164027,all,-,-,layers,all,"DD_NA,DD_A",NDD_S,1.0,-,355,44,45,none,0.0,0.0,0.0,0.0,1e-05,4,100,53,val_auc,10,0.7031893134117126,0.6818181872367859,0.7081611752510071,0.739254,0.666667,0.745679,0.266798,0.663043,24258,23106,94.8
2026-05-06 16:41:15,DDSD_layers_20260506_164115,all,-,-,layers,all,"DD_NA,DD_A",NDD_S,1.0,-,355,44,45,none,0.0,0.0,0.0,0.0,0.01,16,100,26,val_auc,10,0.5181224346160889,0.7954545617103577,0.8432334661483765,0.973218,0.711111,0.764444,0.288538,0.711462,24258,23106,94.8
2026-05-06 16:41:45,DDSD_layers_20260506_164145,all,-,-,layers,all,"DD_NA,DD_A",NDD_S,1.0,-,355,44,45,none,0.0,0.0,0.0,0.0,0.001,16,100,11,val_auc,10,0.5149607062339783,0.7272727489471436,0.8512396812438965,0.585163,0.755556,0.785679,0.266798,0.755929,24258,23106,94.8
2026-05-06 16:42:19,DDSD_layers_20260506_164219,all,-,-,layers,all,"DD_NA,DD_A",NDD_S,1.0,-,355,44,45,none,0.0,0.0,0.0,0.0,0.0001,16,100,15,val_auc,10,0.5157091617584229,0.75,0.8279958367347717,0.603339,0.6,0.742222,0.311265,0.596838,24258,23106,94.8
2026-05-06 16:44:30,DDSD_layers_20260506_164430,all,-,-,layers,all,"DD_NA,DD_A",NDD_S,1.0,-,355,44,45,none,0.0,0.0,0.0,0.0,1e-05,16,100,100,val_auc,10,0.5982749462127686,0.6818181872367859,0.7598140835762024,0.714396,0.666667,0.743457,0.222332,0.661067,24258,23106,94.8
2026-05-06 16:45:30,DDSD_layers_20260506_164530,all,-,-,layers,all,"DD_NA,DD_A",NDD_S,1.0,-,355,44,45,none,0.0,0.0,0.0,0.0,0.01,32,100,37,val_auc,10,0.49893057346343994,0.7954545617103577,0.8760330677032471,1.161123,0.644444,0.707654,0.310277,0.640316,24258,23106,94.8
2026-05-06 16:46:02,DDSD_layers_20260506_164602,all,-,-,layers,all,"DD_NA,DD_A",NDD_S,1.0,-,355,44,45,none,0.0,0.0,0.0,0.0,0.001,32,100,12,val_auc,10,0.5388614535331726,0.7272727489471436,0.819473147392273,0.631214,0.644444,0.751605,0.288538,0.641304,24258,23106,94.8
2026-05-06 16:47:14,DDSD_layers_20260506_164714,all,-,-,layers,all,"DD_NA,DD_A",NDD_S,1.0,-,355,44,45,none,0.0,0.0,0.0,0.0,0.0001,32,100,39,val_auc,10,0.5713847875595093,0.6818181872367859,0.7928719520568848,0.750898,0.688889,0.741235,0.26581,0.686759,24258,23106,94.8
2026-05-06 16:49:20,DDSD_layers_20260506_164920,all,-,-,layers,all,"DD_NA,DD_A",NDD_S,1.0,-,355,44,45,none,0.0,0.0,0.0,0.0,1e-05,32,100,100,val_auc,10,0.5214623808860779,0.7045454382896423,0.819473147392273,0.616501,0.666667,0.754568,0.378458,0.660079,24258,23106,94.8
2026-05-06 16:50:11,DDSD_layers_20260506_165011,all,-,-,layers,all,"DD_NA,DD_A",NDD_S,1.0,-,355,44,45,none,0.0,0.0,0.0,0.0,0.01,64,100,34,val_auc,10,0.7457101941108704,0.8409090638160706,0.8662190437316895,1.46147,0.644444,0.679012,0.333004,0.646245,24258,23106,94.8
2026-05-06 16:50:40,DDSD_layers_20260506_165040,all,-,-,layers,all,"DD_NA,DD_A",NDD_S,1.0,-,355,44,45,none,0.0,0.0,0.0,0.0,0.001,64,100,11,val_auc,10,0.5372979044914246,0.7727272510528564,0.8543388843536377,0.653979,0.711111,0.725185,0.333004,0.710474,24258,23106,94.8
2026-05-06 16:51:49,DDSD_layers_20260506_165149,all,-,-,layers,all,"DD_NA,DD_A",NDD_S,1.0,-,355,44,45,none,0.0,0.0,0.0,0.0,0.0001,64,100,50,val_auc,10,0.49273550510406494,0.75,0.8419421911239624,0.582084,0.711111,0.806173,0.222332,0.708498,24258,23106,94.8
2026-05-06 16:53:50,DDSD_layers_20260506_165350,all,-,-,layers,all,"DD_NA,DD_A",NDD_S,1.0,-,355,44,45,none,0.0,0.0,0.0,0.0,1e-05,64,100,100,val_auc,10,0.5895469188690186,0.6590909361839294,0.7417355179786682,0.627016,0.688889,0.774321,0.333992,0.687747,24258,23106,94.8
2026-05-06 18:42:37,DDSD_scratch_20260506_184237,all,-,-,scratch,-,"DD_NA,DD_A",NDD_S,1.0,-,355,44,45,white,0.1,1.0,0.0,0.0,0.01,16,100,32,val_auc,10,0.5708390474319458,0.8181818127632141,0.8765496015548706,2.082593,0.733333,0.828148,0.333992,0.73419,24258,23106,94.8
2026-05-06 18:43:11,DDSD_scratch_20260506_184310,all,-,-,scratch,-,"DD_NA,DD_A",NDD_S,1.0,-,355,44,45,pink,0.1,1.0,0.0,0.0,0.01,16,100,21,val_auc,10,0.6999784111976624,0.8181818127632141,0.7985537052154541,1.91979,0.822222,0.822716,0.199605,0.821146,24258,23106,94.8
2026-05-06 18:55:48,DDSD_scratch_20260506_185548,all,-,-,scratch,-,"DD_NA,DD_A",NDD_S,1.0,-,355,44,45,factory,0.1,1.0,0.0,0.0,0.01,16,100,25,val_auc,10,0.7008418440818787,0.75,0.8083678483963013,1.018254,0.755556,0.827654,0.222332,0.756917,24258,23106,94.8
2026-05-06 18:56:25,DDSD_scratch_20260506_185625,all,-,-,scratch,-,"DD_NA,DD_A",NDD_S,1.0,-,355,44,45,babble,0.1,1.0,0.0,0.0,0.01,16,100,18,val_auc,10,0.5031036138534546,0.8181818127632141,0.8564049601554871,1.050097,0.711111,0.784691,0.266798,0.711462,24258,23106,94.8
2026-05-06 18:57:00,DDSD_scratch_20260506_185700,all,-,-,scratch,-,"DD_NA,DD_A",NDD_S,1.0,-,355,44,45,white,0.1,1.0,0.0,0.0,0.01,32,100,25,val_auc,10,0.8987976312637329,0.7045454382896423,0.8099173307418823,1.098099,0.666667,0.815309,0.222332,0.662055,24258,23106,94.8
2026-05-06 18:57:41,DDSD_scratch_20260506_185741,all,-,-,scratch,-,"DD_NA,DD_A",NDD_S,1.0,-,355,44,45,pink,0.1,1.0,0.0,0.0,0.01,32,100,31,val_auc,10,0.7031956315040588,0.7727272510528564,0.7908057570457458,1.48641,0.822222,0.842469,0.222332,0.824111,24258,23106,94.8
2026-05-06 18:58:45,DDSD_scratch_20260506_185845,all,-,-,scratch,-,"DD_NA,DD_A",NDD_S,1.0,-,355,44,45,factory,0.1,1.0,0.0,0.0,0.01,32,100,31,val_auc,10,0.7504616379737854,0.75,0.8101756572723389,1.374454,0.755556,0.822222,0.199605,0.757905,24258,23106,94.8
2026-05-06 19:03:11,DDSD_scratch_20260506_190311,all,-,-,scratch,-,"DD_NA,DD_A",NDD_S,1.0,-,355,44,45,babble,0.1,1.0,0.0,0.0,0.01,32,100,30,val_auc,10,1.2756603956222534,0.7272727489471436,0.7871900200843811,3.058045,0.733333,0.766914,0.311265,0.738142,24258,23106,94.8
2026-05-06 19:03:37,DDSD_scratch_20260506_190337,all,-,-,scratch,-,"DD_NA,DD_A",NDD_S,1.0,-,355,44,45,white,0.1,1.0,0.0,0.0,0.001,32,100,15,val_auc,10,0.575273334980011,0.7727272510528564,0.82851243019104,0.795903,0.711111,0.750617,0.244071,0.712451,24258,23106,94.8
2026-05-06 19:04:15,DDSD_scratch_20260506_190415,all,-,-,scratch,-,"DD_NA,DD_A",NDD_S,1.0,-,355,44,45,pink,0.1,1.0,0.0,0.0,0.001,32,100,26,val_auc,10,0.6068823337554932,0.7045454382896423,0.7972623705863953,1.147184,0.733333,0.761975,0.311265,0.731225,24258,23106,94.8
2026-05-06 19:05:00,DDSD_scratch_20260506_190500,all,-,-,scratch,-,"DD_NA,DD_A",NDD_S,1.0,-,355,44,45,factory,0.1,1.0,0.0,0.0,0.001,32,100,19,val_auc,10,0.6958242654800415,0.6590909361839294,0.7582644820213318,1.056979,0.733333,0.741235,0.311265,0.730237,24258,23106,94.8
2026-05-06 19:06:16,DDSD_scratch_20260506_190616,all,-,-,scratch,-,"DD_NA,DD_A",NDD_S,1.0,-,355,44,45,babble,0.1,1.0,0.0,0.0,0.001,32,100,25,val_auc,10,0.5145952701568604,0.7727272510528564,0.8269628286361694,0.587749,0.711111,0.830617,0.200593,0.712451,24258,23106,94.8
2026-05-06 19:07:34,DDSD_scratch_20260506_190734,all,-,-,scratch,-,"DD_NA,DD_A",NDD_S,1.0,-,355,44,45,white,0.1,1.0,0.0,0.0,0.0001,32,100,55,val_auc,10,0.6489909887313843,0.7272727489471436,0.7696280479431152,1.062949,0.8,0.801235,0.176877,0.800395,24258,23106,94.8
2026-05-06 19:08:08,DDSD_scratch_20260506_190808,all,-,-,scratch,-,"DD_NA,DD_A",NDD_S,1.0,-,355,44,45,pink,0.1,1.0,0.0,0.0,0.0001,32,100,16,val_auc,10,0.6349875926971436,0.6590909361839294,0.7280475497245789,0.659427,0.688889,0.706173,0.244071,0.693676,24258,23106,94.8
2026-05-06 19:09:23,DDSD_scratch_20260506_190923,all,-,-,scratch,-,"DD_NA,DD_A",NDD_S,1.0,-,355,44,45,factory,0.1,1.0,0.0,0.0,0.0001,32,100,37,val_auc,10,0.5736032128334045,0.7045454382896423,0.7763429880142212,0.985237,0.644444,0.729383,0.311265,0.640316,24258,23106,94.8
2026-05-06 19:10:12,DDSD_scratch_20260506_191011,all,-,-,scratch,-,"DD_NA,DD_A",NDD_S,1.0,-,355,44,45,babble,0.1,1.0,0.0,0.0,0.0001,32,100,19,val_auc,10,0.6272149682044983,0.7272727489471436,0.7680785655975342,1.132313,0.511111,0.551111,0.421937,0.509881,24258,23106,94.8
2026-05-10 12:48:37,DDSD_head_20260510_124837,all,-,-,head,-,"DD_NA,DD_A",NDD_S,1.0,-,355,44,45,white,0.1,1.0,0.0,0.0,0.01,4,100,19,val_auc,10,0.6223838329315186,0.7045454382896423,0.7401859760284424,0.737904,0.688889,0.73358,0.266798,0.689723,24258,130,94.8
2026-05-10 12:49:28,DDSD_head_20260510_124927,all,-,-,head,-,"DD_NA,DD_A",NDD_S,1.0,-,355,44,45,pink,0.1,1.0,0.0,0.0,0.01,4,100,47,val_auc,10,0.5959740281105042,0.7045454382896423,0.7592974901199341,0.800311,0.711111,0.733827,0.311265,0.711462,24258,130,94.8
2026-05-10 12:50:33,DDSD_head_20260510_125033,all,-,-,head,-,"DD_NA,DD_A",NDD_S,1.0,-,355,44,45,factory,0.1,1.0,0.0,0.0,0.01,4,100,34,val_auc,10,0.639388918876648,0.7045454382896423,0.7484503984451294,0.776763,0.688889,0.720741,0.311265,0.688735,24258,130,94.8
2026-05-10 12:51:49,DDSD_head_20260510_125149,all,-,-,head,-,"DD_NA,DD_A",NDD_S,1.0,-,355,44,45,babble,0.1,1.0,0.0,0.0,0.01,4,100,42,val_auc,10,0.6047274470329285,0.7272727489471436,0.7592974901199341,0.784288,0.644444,0.716296,0.311265,0.643281,24258,130,94.8
2026-05-10 12:52:32,DDSD_head_20260510_125232,all,-,-,head,-,"DD_NA,DD_A",NDD_S,1.0,-,355,44,45,white,0.1,1.0,0.0,0.0,0.01,16,100,30,val_auc,10,0.6243647336959839,0.7045454382896423,0.7507748007774353,0.667255,0.711111,0.738272,0.266798,0.710474,24258,130,94.8
2026-05-10 12:53:18,DDSD_head_20260510_125318,all,-,-,head,-,"DD_NA,DD_A",NDD_S,1.0,-,355,44,45,pink,0.1,1.0,0.0,0.0,0.01,16,100,31,val_auc,10,0.6096917986869812,0.7045454382896423,0.7443181872367859,0.750426,0.733333,0.727407,0.288538,0.731225,24258,130,94.8
2026-05-10 12:54:05,DDSD_head_20260510_125405,all,-,-,head,-,"DD_NA,DD_A",NDD_S,1.0,-,355,44,45,factory,0.1,1.0,0.0,0.0,0.01,16,100,30,val_auc,10,0.6304448246955872,0.7045454382896423,0.7417355179786682,0.713794,0.688889,0.714568,0.311265,0.687747,24258,130,94.8
2026-05-10 12:54:53,DDSD_head_20260510_125453,all,-,-,head,-,"DD_NA,DD_A",NDD_S,1.0,-,355,44,45,babble,0.1,1.0,0.0,0.0,0.01,16,100,31,val_auc,10,0.6125905513763428,0.7045454382896423,0.7494834661483765,0.758989,0.733333,0.727407,0.266798,0.733202,24258,130,94.8
2026-05-10 12:56:27,DDSD_head_20260510_125627,all,-,-,head,-,"DD_NA,DD_A",NDD_S,1.0,-,355,44,45,white,0.1,1.0,0.0,0.0,0.001,32,100,77,val_auc,10,0.6347235441207886,0.6818181872367859,0.7179752588272095,0.666779,0.622222,0.718025,0.311265,0.618577,24258,130,94.8
2026-05-10 12:57:59,DDSD_head_20260510_125759,all,-,-,head,-,"DD_NA,DD_A",NDD_S,1.0,-,355,44,45,pink,0.1,1.0,0.0,0.0,0.001,32,100,63,val_auc,10,0.6601160764694214,0.6818181872367859,0.6784607172012329,0.69492,0.622222,0.702222,0.355731,0.617589,24258,130,94.8
2026-05-10 13:00:09,DDSD_head_20260510_130009,all,-,-,head,-,"DD_NA,DD_A",NDD_S,1.0,-,355,44,45,factory,0.1,1.0,0.0,0.0,0.001,32,100,71,val_auc,10,0.6526177525520325,0.7045454382896423,0.7097107172012329,0.688115,0.644444,0.703951,0.355731,0.641304,24258,130,94.8
2026-05-10 13:01:27,DDSD_head_20260510_130127,all,-,-,head,-,"DD_NA,DD_A",NDD_S,1.0,-,355,44,45,babble,0.1,1.0,0.0,0.0,0.001,32,100,37,val_auc,10,0.6358588933944702,0.6818181872367859,0.702479362487793,0.660386,0.622222,0.700247,0.355731,0.617589,24258,130,94.8
2026-05-10 13:37:53,DDSD_layers_20260510_133753,all,-,-,layers,"-7, -6, -5, -4, -3, -2, -1","DD_NA,DD_A",NDD_S,1.0,-,355,44,45,white,0.1,1.0,0.0,0.0,0.01,4,100,16,val_auc,10,0.5533367395401001,0.7272727489471436,0.8011363744735718,0.659242,0.733333,0.758025,0.311265,0.73419,24258,4418,94.8
2026-05-10 13:38:27,DDSD_layers_20260510_133826,all,-,-,layers,"-7, -6, -5, -4, -3, -2, -1","DD_NA,DD_A",NDD_S,1.0,-,355,44,45,pink,0.1,1.0,0.0,0.0,0.01,4,100,16,val_auc,10,0.5399096012115479,0.7045454382896423,0.8052685856819153,0.720982,0.666667,0.748148,0.266798,0.66502,24258,4418,94.8
2026-05-10 13:39:33,DDSD_layers_20260510_133933,all,-,-,layers,"-7, -6, -5, -4, -3, -2, -1","DD_NA,DD_A",NDD_S,1.0,-,355,44,45,factory,0.1,1.0,0.0,0.0,0.01,4,100,30,val_auc,10,0.5994551181793213,0.75,0.7933884263038635,0.742823,0.711111,0.767901,0.221344,0.710474,24258,4418,94.8
2026-05-10 13:40:19,DDSD_layers_20260510_134019,all,-,-,layers,"-7, -6, -5, -4, -3, -2, -1","DD_NA,DD_A",NDD_S,1.0,-,355,44,45,babble,0.1,1.0,0.0,0.0,0.01,4,100,15,val_auc,10,0.5233657360076904,0.7272727489471436,0.8063016533851624,0.678695,0.711111,0.749383,0.266798,0.710474,24258,4418,94.8
2026-05-10 13:40:57,DDSD_layers_20260510_134057,all,-,-,layers,"-7, -6, -5, -4, -3, -2, -1","DD_NA,DD_A",NDD_S,1.0,-,355,44,45,white,0.1,1.0,0.0,0.0,0.001,4,100,16,val_auc,10,0.5411692261695862,0.75,0.8073347210884094,0.580907,0.733333,0.811358,0.222332,0.73419,24258,4418,94.8
2026-05-10 13:41:42,DDSD_layers_20260510_134142,all,-,-,layers,"-7, -6, -5, -4, -3, -2, -1","DD_NA,DD_A",NDD_S,1.0,-,355,44,45,pink,0.1,1.0,0.0,0.0,0.001,4,100,30,val_auc,10,0.5170280933380127,0.7727272510528564,0.8256714940071106,0.769686,0.666667,0.756543,0.266798,0.664032,24258,4418,94.8
2026-05-10 13:42:20,DDSD_layers_20260510_134220,all,-,-,layers,"-7, -6, -5, -4, -3, -2, -1","DD_NA,DD_A",NDD_S,1.0,-,355,44,45,factory,0.1,1.0,0.0,0.0,0.001,4,100,19,val_auc,10,0.5392229557037354,0.7272727489471436,0.8145661354064941,0.70578,0.777778,0.767407,0.289526,0.778656,24258,4418,94.8
2026-05-10 13:43:15,DDSD_layers_20260510_134315,all,-,-,layers,"-7, -6, -5, -4, -3, -2, -1","DD_NA,DD_A",NDD_S,1.0,-,355,44,45,babble,0.1,1.0,0.0,0.0,0.001,4,100,29,val_auc,10,0.5102280974388123,0.75,0.8145661354064941,0.776285,0.733333,0.742716,0.244071,0.732213,24258,4418,94.8
2026-05-10 13:44:02,DDSD_layers_20260510_134402,all,-,-,layers,"-7, -6, -5, -4, -3, -2, -1","DD_NA,DD_A",NDD_S,1.0,-,355,44,45,white,0.1,1.0,0.0,0.0,0.001,16,100,35,val_auc,10,0.5443195700645447,0.7272727489471436,0.8063016533851624,0.615168,0.755556,0.794568,0.200593,0.757905,24258,4418,94.8
2026-05-10 13:44:33,DDSD_layers_20260510_134433,all,-,-,layers,"-7, -6, -5, -4, -3, -2, -1","DD_NA,DD_A",NDD_S,1.0,-,355,44,45,pink,0.1,1.0,0.0,0.0,0.001,16,100,20,val_auc,10,0.539429783821106,0.75,0.79648756980896,0.630138,0.711111,0.777284,0.244071,0.710474,24258,4418,94.8
2026-05-10 13:45:06,DDSD_layers_20260510_134506,all,-,-,layers,"-7, -6, -5, -4, -3, -2, -1","DD_NA,DD_A",NDD_S,1.0,-,355,44,45,factory,0.1,1.0,0.0,0.0,0.001,16,100,14,val_auc,10,0.5537755489349365,0.7272727489471436,0.7949379682540894,0.605156,0.755556,0.778519,0.244071,0.755929,24258,4418,94.8
2026-05-10 13:46:13,DDSD_layers_20260510_134613,all,-,-,layers,"-7, -6, -5, -4, -3, -2, -1","DD_NA,DD_A",NDD_S,1.0,-,355,44,45,babble,0.1,1.0,0.0,0.0,0.001,16,100,41,val_auc,10,0.5508077144622803,0.7272727489471436,0.7928719520568848,0.853158,0.622222,0.730864,0.356719,0.618577,24258,4418,94.8
2026-05-10 13:46:51,DDSD_layers_20260510_134651,all,-,-,layers,"-7, -6, -5, -4, -3, -2, -1","DD_NA,DD_A",NDD_S,1.0,-,355,44,45,white,0.1,1.0,0.0,0.0,0.001,32,100,22,val_auc,10,0.5491685271263123,0.7045454382896423,0.7918388247489929,0.595565,0.688889,0.798025,0.333992,0.687747,24258,4418,94.8
2026-05-10 13:47:33,DDSD_layers_20260510_134733,all,-,-,layers,"-7, -6, -5, -4, -3, -2, -1","DD_NA,DD_A",NDD_S,1.0,-,355,44,45,pink,0.1,1.0,0.0,0.0,0.001,32,100,21,val_auc,10,0.5566039085388184,0.75,0.7959710359573364,0.619847,0.711111,0.778025,0.311265,0.710474,24258,4418,94.8
2026-05-10 13:48:21,DDSD_layers_20260510_134821,all,-,-,layers,"-7, -6, -5, -4, -3, -2, -1","DD_NA,DD_A",NDD_S,1.0,-,355,44,45,factory,0.1,1.0,0.0,0.0,0.001,32,100,21,val_auc,10,0.5790849924087524,0.7272727489471436,0.7753099203109741,0.596617,0.711111,0.793086,0.266798,0.711462,24258,4418,94.8
2026-05-10 13:49:15,DDSD_layers_20260510_134915,all,-,-,layers,"-7, -6, -5, -4, -3, -2, -1","DD_NA,DD_A",NDD_S,1.0,-,355,44,45,babble,0.1,1.0,0.0,0.0,0.001,32,100,21,val_auc,10,0.5564345717430115,0.75,0.7856404781341553,0.637366,0.711111,0.770123,0.221344,0.710474,24258,4418,94.8
2026-05-10 13:49:51,DDSD_layers_20260510_134951,all,-,-,layers,"-7, -6, -5, -4, -3, -2, -1","DD_NA,DD_A",NDD_S,1.0,-,355,44,45,white,0.1,1.0,0.0,0.0,0.0001,64,100,16,val_auc,10,0.6067398190498352,0.75,0.7773760557174683,0.645499,0.622222,0.66963,0.400198,0.620553,24258,4418,94.8
2026-05-10 13:50:54,DDSD_layers_20260510_135054,all,-,-,layers,"-7, -6, -5, -4, -3, -2, -1","DD_NA,DD_A",NDD_S,1.0,-,355,44,45,pink,0.1,1.0,0.0,0.0,0.0001,64,100,41,val_auc,10,0.5765061974525452,0.7272727489471436,0.7623966932296753,0.72482,0.644444,0.685185,0.355731,0.646245,24258,4418,94.8
2026-05-10 13:53:30,DDSD_layers_20260510_135330,all,-,-,layers,"-7, -6, -5, -4, -3, -2, -1","DD_NA,DD_A",NDD_S,1.0,-,355,44,45,factory,0.1,1.0,0.0,0.0,0.0001,64,100,97,val_auc,10,0.5896516442298889,0.7045454382896423,0.7701445817947388,0.665464,0.711111,0.761481,0.311265,0.709486,24258,4418,94.8
2026-05-10 13:56:27,DDSD_layers_20260510_135627,all,-,-,layers,"-7, -6, -5, -4, -3, -2, -1","DD_NA,DD_A",NDD_S,1.0,-,355,44,45,babble,0.1,1.0,0.0,0.0,0.0001,64,100,100,val_auc,10,0.5242906808853149,0.75,0.8238636255264282,0.678185,0.666667,0.769877,0.266798,0.66502,24258,4418,94.8
2026-05-10 14:17:43,DDSD_layers_20260510_141743,all,-,-,layers,all,"DD_NA,DD_A",NDD_S,1.0,-,355,44,45,white,0.1,1.0,0.0,0.0,0.001,4,100,16,val_auc,10,0.5484837889671326,0.7272727489471436,0.8026859760284424,0.708283,0.755556,0.797037,0.266798,0.755929,24258,23106,94.8
2026-05-10 14:18:21,DDSD_layers_20260510_141821,all,-,-,layers,all,"DD_NA,DD_A",NDD_S,1.0,-,355,44,45,pink,0.1,1.0,0.0,0.0,0.001,4,100,21,val_auc,10,0.525817334651947,0.7272727489471436,0.8236053586006165,0.713687,0.777778,0.816296,0.222332,0.780632,24258,23106,94.8
2026-05-10 14:19:00,DDSD_layers_20260510_141900,all,-,-,layers,all,"DD_NA,DD_A",NDD_S,1.0,-,355,44,45,factory,0.1,1.0,0.0,0.0,0.001,4,100,12,val_auc,10,0.6038170456886292,0.7272727489471436,0.7902892231941223,0.62919,0.688889,0.791111,0.221344,0.684783,24258,23106,94.8
2026-05-10 14:19:52,DDSD_layers_20260510_141952,all,-,-,layers,all,"DD_NA,DD_A",NDD_S,1.0,-,355,44,45,babble,0.1,1.0,0.0,0.0,0.001,4,100,20,val_auc,10,0.4900292158126831,0.7954545617103577,0.8610537052154541,0.649947,0.733333,0.826667,0.199605,0.732213,24258,23106,94.8
2026-05-10 14:20:42,DDSD_layers_20260510_142042,all,-,-,layers,all,"DD_NA,DD_A",NDD_S,1.0,-,355,44,45,white,0.1,1.0,0.0,0.0,0.0001,4,100,27,val_auc,10,0.5703696608543396,0.6590909361839294,0.7652376294136047,0.690228,0.755556,0.758025,0.244071,0.755929,24258,23106,94.8
2026-05-10 14:21:21,DDSD_layers_20260510_142121,all,-,-,layers,all,"DD_NA,DD_A",NDD_S,1.0,-,355,44,45,pink,0.1,1.0,0.0,0.0,0.0001,4,100,14,val_auc,10,0.5580853819847107,0.75,0.7923553586006165,0.536161,0.755556,0.828642,0.222332,0.752964,24258,23106,94.8
2026-05-10 14:22:11,DDSD_layers_20260510_142211,all,-,-,layers,all,"DD_NA,DD_A",NDD_S,1.0,-,355,44,45,factory,0.1,1.0,0.0,0.0,0.0001,4,100,16,val_auc,10,0.5468578934669495,0.75,0.7995867729187012,0.596756,0.688889,0.798025,0.266798,0.685771,24258,23106,94.8
2026-05-10 14:23:13,DDSD_layers_20260510_142312,all,-,-,layers,all,"DD_NA,DD_A",NDD_S,1.0,-,355,44,45,babble,0.1,1.0,0.0,0.0,0.0001,4,100,21,val_auc,10,0.5100336670875549,0.7272727489471436,0.8166322708129883,0.676588,0.688889,0.77679,0.311265,0.687747,24258,23106,94.8
2026-05-10 14:23:46,DDSD_layers_20260510_142346,all,-,-,layers,all,"DD_NA,DD_A",NDD_S,1.0,-,355,44,45,white,0.1,1.0,0.0,0.0,0.001,16,100,17,val_auc,10,0.5082813501358032,0.7727272510528564,0.83574378490448,0.611071,0.711111,0.785679,0.311265,0.710474,24258,23106,94.8
2026-05-10 14:24:13,DDSD_layers_20260510_142413,all,-,-,layers,all,"DD_NA,DD_A",NDD_S,1.0,-,355,44,45,pink,0.1,1.0,0.0,0.0,0.001,16,100,12,val_auc,10,0.5528571605682373,0.7727272510528564,0.8016529083251953,0.599868,0.711111,0.799506,0.200593,0.708498,24258,23106,94.8
2026-05-10 14:24:45,DDSD_layers_20260510_142445,all,-,-,layers,all,"DD_NA,DD_A",NDD_S,1.0,-,355,44,45,factory,0.1,1.0,0.0,0.0,0.001,16,100,12,val_auc,10,0.537642240524292,0.6818181872367859,0.7977789640426636,0.515982,0.777778,0.849877,0.222332,0.778656,24258,23106,94.8
2026-05-10 14:26:04,DDSD_layers_20260510_142604,all,-,-,layers,all,"DD_NA,DD_A",NDD_S,1.0,-,355,44,45,babble,0.1,1.0,0.0,0.0,0.001,16,100,39,val_auc,10,0.5237259268760681,0.8181818127632141,0.85898756980896,1.08351,0.733333,0.805432,0.176877,0.732213,24258,23106,94.8
2026-05-10 14:27:18,DDSD_layers_20260510_142718,all,-,-,layers,all,"DD_NA,DD_A",NDD_S,1.0,-,355,44,45,white,0.1,1.0,0.0,0.0,0.0001,64,100,50,val_auc,10,0.5745986700057983,0.6590909361839294,0.7685950398445129,0.622711,0.711111,0.788148,0.288538,0.709486,24258,23106,94.8
2026-05-10 14:27:56,DDSD_layers_20260510_142756,all,-,-,layers,all,"DD_NA,DD_A",NDD_S,1.0,-,355,44,45,pink,0.1,1.0,0.0,0.0,0.0001,64,100,23,val_auc,10,0.5583493113517761,0.75,0.7977789044380188,0.612592,0.644444,0.708642,0.355731,0.641304,24258,23106,94.8
2026-05-10 14:29:07,DDSD_layers_20260510_142907,all,-,-,layers,all,"DD_NA,DD_A",NDD_S,1.0,-,355,44,45,factory,0.1,1.0,0.0,0.0,0.0001,64,100,38,val_auc,10,0.5845724940299988,0.6590909361839294,0.7727272510528564,0.562457,0.777778,0.824691,0.222332,0.77668,24258,23106,94.8
2026-05-10 14:30:14,DDSD_layers_20260510_143014,all,-,-,layers,all,"DD_NA,DD_A",NDD_S,1.0,-,355,44,45,babble,0.1,1.0,0.0,0.0,0.0001,64,100,32,val_auc,10,0.5959782004356384,0.6590909361839294,0.7494834661483765,0.631651,0.688889,0.769877,0.311265,0.686759,24258,23106,94.8
2026-05-11 19:00:30,DDSD_scratch_20260511_190030,all,-,-,scratch,-,"DD_NA,DD_A",NDD_S,1.0,-,355,44,45,white,0.1,1.0,0.0,0.0,0.01,16,100,22,val_auc,10,0.6946778893470764,0.7727272510528564,0.8135330677032471,1.173672,0.733333,0.787161,0.266798,0.735178,24258,23106,94.8
2026-05-11 19:01:21,DDSD_scratch_20260511_190121,all,-,-,scratch,-,"DD_NA,DD_A",NDD_S,1.0,-,355,44,45,pink,0.1,1.0,0.0,0.0,0.01,16,100,28,val_auc,10,0.5622202754020691,0.7727272510528564,0.820764422416687,1.468485,0.755556,0.802963,0.244071,0.753953,24258,23106,94.8
2026-05-11 19:02:10,DDSD_scratch_20260511_190210,all,-,-,scratch,-,"DD_NA,DD_A",NDD_S,1.0,-,355,44,45,factory,0.1,1.0,0.0,0.0,0.01,16,100,19,val_auc,10,0.5261881351470947,0.8181818127632141,0.8605371713638306,0.823462,0.711111,0.820741,0.245059,0.711462,24258,23106,94.8
2026-05-11 19:03:19,DDSD_scratch_20260511_190319,all,-,-,scratch,-,"DD_NA,DD_A",NDD_S,1.0,-,355,44,45,babble,0.1,1.0,0.0,0.0,0.01,16,100,32,val_auc,10,0.526028573513031,0.7954545617103577,0.8682851791381836,2.180385,0.8,0.800494,0.199605,0.800395,24258,23106,94.8
2026-05-11 19:04:18,DDSD_scratch_20260511_190418,all,-,-,scratch,-,"DD_NA,DD_A",NDD_S,1.0,-,355,44,45,white,0.1,1.0,0.0,0.0,0.01,32,100,32,val_auc,10,0.6197216510772705,0.75,0.7556818723678589,0.779882,0.733333,0.800988,0.311265,0.730237,24258,23106,94.8
2026-05-11 19:05:29,DDSD_scratch_20260511_190529,all,-,-,scratch,-,"DD_NA,DD_A",NDD_S,1.0,-,355,44,45,pink,0.1,1.0,0.0,0.0,0.01,32,100,41,val_auc,10,0.7116326689720154,0.7954545617103577,0.8300620317459106,4.43258,0.755556,0.787161,0.266798,0.755929,24258,23106,94.8
2026-05-11 19:06:15,DDSD_scratch_20260511_190615,all,-,-,scratch,-,"DD_NA,DD_A",NDD_S,1.0,-,355,44,45,factory,0.1,1.0,0.0,0.0,0.01,32,100,18,val_auc,10,1.0686262845993042,0.7727272510528564,0.7954545617103577,2.345843,0.755556,0.756049,0.288538,0.759881,24258,23106,94.8
2026-05-11 19:07:29,DDSD_scratch_20260511_190729,all,-,-,scratch,-,"DD_NA,DD_A",NDD_S,1.0,-,355,44,45,babble,0.1,1.0,0.0,0.0,0.01,32,100,31,val_auc,10,0.5592197775840759,0.8636363744735718,0.8760331273078918,1.48977,0.733333,0.785185,0.199605,0.732213,24258,23106,94.8
2026-05-11 19:08:06,DDSD_scratch_20260511_190806,all,-,-,scratch,-,"DD_NA,DD_A",NDD_S,1.0,-,355,44,45,white,0.1,1.0,0.0,0.0,0.001,32,100,12,val_auc,10,0.6473901867866516,0.7045454382896423,0.733471155166626,1.091635,0.666667,0.670864,0.401186,0.668972,24258,23106,94.8
2026-05-11 19:08:49,DDSD_scratch_20260511_190849,all,-,-,scratch,-,"DD_NA,DD_A",NDD_S,1.0,-,355,44,45,pink,0.1,1.0,0.0,0.0,0.001,32,100,17,val_auc,10,0.5918990969657898,0.7954545617103577,0.8155991435050964,1.000246,0.755556,0.773827,0.222332,0.754941,24258,23106,94.8
2026-05-11 19:10:34,DDSD_scratch_20260511_191034,all,-,-,scratch,-,"DD_NA,DD_A",NDD_S,1.0,-,355,44,45,factory,0.1,1.0,0.0,0.0,0.001,32,100,46,val_auc,10,0.670735239982605,0.75,0.8259297609329224,0.838609,0.755556,0.85037,0.199605,0.754941,24258,23106,94.8
2026-05-11 19:11:36,DDSD_scratch_20260511_191136,all,-,-,scratch,-,"DD_NA,DD_A",NDD_S,1.0,-,355,44,45,babble,0.1,1.0,0.0,0.0,0.001,32,100,23,val_auc,10,0.48198235034942627,0.8181818127632141,0.8657024502754211,0.844863,0.733333,0.809877,0.288538,0.73419,24258,23106,94.8
2026-05-11 19:12:17,DDSD_scratch_20260511_191217,all,-,-,scratch,-,"DD_NA,DD_A",NDD_S,1.0,-,355,44,45,white,0.1,1.0,0.0,0.0,0.0001,32,100,14,val_auc,10,0.6871125102043152,0.6136363744735718,0.6875,0.718243,0.555556,0.630864,0.421937,0.545455,24258,23106,94.8
2026-05-11 19:12:58,DDSD_scratch_20260511_191258,all,-,-,scratch,-,"DD_NA,DD_A",NDD_S,1.0,-,355,44,45,pink,0.1,1.0,0.0,0.0,0.0001,32,100,16,val_auc,10,0.6775529384613037,0.6136363744735718,0.6864669322967529,0.985851,0.466667,0.470617,0.48913,0.459486,24258,23106,94.8
2026-05-11 19:13:45,DDSD_scratch_20260511_191345,all,-,-,scratch,-,"DD_NA,DD_A",NDD_S,1.0,-,355,44,45,factory,0.1,1.0,0.0,0.0,0.0001,32,100,14,val_auc,10,0.6732712388038635,0.7045454382896423,0.7236570119857788,1.107606,0.555556,0.697531,0.199605,0.564229,24258,23106,94.8
2026-05-11 19:15:43,DDSD_scratch_20260511_191542,all,-,-,scratch,-,"DD_NA,DD_A",NDD_S,1.0,-,355,44,45,babble,0.1,1.0,0.0,0.0,0.0001,32,100,57,val_auc,10,0.6458146572113037,0.6590909361839294,0.7520661354064941,1.295566,0.666667,0.753086,0.266798,0.662055,24258,23106,94.8
2026-05-11 19:16:20,DDSD_head_20260511_191620,all,-,-,head,-,"DD_NA,DD_A",NDD_S,1.0,-,355,44,45,white,0.1,1.0,0.0,0.0,0.01,4,100,19,val_auc,10,0.6245272755622864,0.7045454382896423,0.7476756572723389,0.662294,0.711111,0.741975,0.266798,0.708498,24258,130,94.8
2026-05-11 19:17:19,DDSD_head_20260511_191719,all,-,-,head,-,"DD_NA,DD_A",NDD_S,1.0,-,355,44,45,pink,0.1,1.0,0.0,0.0,0.01,4,100,42,val_auc,10,0.5472533702850342,0.7272727489471436,0.7884813547134399,0.745868,0.688889,0.734321,0.355731,0.687747,24258,130,94.8
2026-05-11 19:18:07,DDSD_head_20260511_191807,all,-,-,head,-,"DD_NA,DD_A",NDD_S,1.0,-,355,44,45,factory,0.1,1.0,0.0,0.0,0.01,4,100,25,val_auc,10,0.5764755010604858,0.7045454382896423,0.7706611156463623,0.704036,0.688889,0.734321,0.311265,0.688735,24258,130,94.8
2026-05-11 19:19:17,DDSD_head_20260511_191917,all,-,-,head,-,"DD_NA,DD_A",NDD_S,1.0,-,355,44,45,babble,0.1,1.0,0.0,0.0,0.01,4,100,34,val_auc,10,0.5620410442352295,0.7045454382896423,0.7835744023323059,0.730332,0.688889,0.72642,0.311265,0.686759,24258,130,94.8
2026-05-11 19:20:13,DDSD_head_20260511_192013,all,-,-,head,-,"DD_NA,DD_A",NDD_S,1.0,-,355,44,45,white,0.1,1.0,0.0,0.0,0.01,16,100,37,val_auc,10,0.6279497742652893,0.7045454382896423,0.7355371713638306,0.679695,0.733333,0.750124,0.266798,0.733202,24258,130,94.8
2026-05-11 19:21:03,DDSD_head_20260511_192103,all,-,-,head,-,"DD_NA,DD_A",NDD_S,1.0,-,355,44,45,pink,0.1,1.0,0.0,0.0,0.01,16,100,31,val_auc,10,0.605629026889801,0.7045454382896423,0.7438017129898071,0.7165,0.711111,0.738765,0.311265,0.710474,24258,130,94.8
2026-05-11 19:22:22,DDSD_head_20260511_192222,all,-,-,head,-,"DD_NA,DD_A",NDD_S,1.0,-,355,44,45,factory,0.1,1.0,0.0,0.0,0.01,16,100,46,val_auc,10,0.5915887355804443,0.7045454382896423,0.7577479481697083,0.692389,0.688889,0.735309,0.311265,0.687747,24258,130,94.8
2026-05-11 19:24:12,DDSD_head_20260511_192412,all,-,-,head,-,"DD_NA,DD_A",NDD_S,1.0,-,355,44,45,babble,0.1,1.0,0.0,0.0,0.01,16,100,66,val_auc,10,0.5766044855117798,0.7045454382896423,0.7670454382896423,0.752787,0.711111,0.715062,0.311265,0.709486,24258,130,94.8
2026-05-11 19:25:23,DDSD_head_20260511_192523,all,-,-,head,-,"DD_NA,DD_A",NDD_S,1.0,-,355,44,45,white,0.1,1.0,0.0,0.0,0.001,32,100,54,val_auc,10,0.6560713052749634,0.6818181872367859,0.6758780479431152,0.661597,0.644444,0.707654,0.378458,0.641304,24258,130,94.8
2026-05-11 19:26:33,DDSD_head_20260511_192633,all,-,-,head,-,"DD_NA,DD_A",NDD_S,1.0,-,355,44,45,pink,0.1,1.0,0.0,0.0,0.001,32,100,50,val_auc,10,0.6582961678504944,0.6363636255264282,0.6818181872367859,0.665437,0.688889,0.691605,0.399209,0.684783,24258,130,94.8
2026-05-11 19:28:07,DDSD_head_20260511_192807,all,-,-,head,-,"DD_NA,DD_A",NDD_S,1.0,-,355,44,45,factory,0.1,1.0,0.0,0.0,0.001,32,100,52,val_auc,10,0.6548582911491394,0.6590909361839294,0.6797521114349365,0.684764,0.666667,0.691358,0.355731,0.662055,24258,130,94.8
2026-05-11 19:28:56,DDSD_head_20260511_192856,all,-,-,head,-,"DD_NA,DD_A",NDD_S,1.0,-,355,44,45,babble,0.1,1.0,0.0,0.0,0.001,32,100,21,val_auc,10,0.6709175705909729,0.6363636255264282,0.6443698406219482,0.672789,0.644444,0.645926,0.333992,0.640316,24258,130,94.8
2026-05-11 19:29:38,DDSD_layers_20260511_192938,all,-,-,layers,"-7, -6, -5, -4, -3, -2, -1","DD_NA,DD_A",NDD_S,1.0,-,355,44,45,white,0.1,1.0,0.0,0.0,0.01,4,100,22,val_auc,10,0.5301786065101624,0.75,0.8331611752510071,0.708233,0.733333,0.758025,0.266798,0.73419,24258,4418,94.8
2026-05-11 19:30:14,DDSD_layers_20260511_193014,all,-,-,layers,"-7, -6, -5, -4, -3, -2, -1","DD_NA,DD_A",NDD_S,1.0,-,355,44,45,pink,0.1,1.0,0.0,0.0,0.01,4,100,16,val_auc,10,0.4791920483112335,0.7954545617103577,0.8682851195335388,0.692713,0.666667,0.733827,0.356719,0.666008,24258,4418,94.8
2026-05-11 19:30:54,DDSD_layers_20260511_193054,all,-,-,layers,"-7, -6, -5, -4, -3, -2, -1","DD_NA,DD_A",NDD_S,1.0,-,355,44,45,factory,0.1,1.0,0.0,0.0,0.01,4,100,16,val_auc,10,0.5357256531715393,0.8181818127632141,0.8383264541625977,0.664927,0.755556,0.754074,0.221344,0.756917,24258,4418,94.8
2026-05-11 19:31:33,DDSD_layers_20260511_193133,all,-,-,layers,"-7, -6, -5, -4, -3, -2, -1","DD_NA,DD_A",NDD_S,1.0,-,355,44,45,babble,0.1,1.0,0.0,0.0,0.01,4,100,13,val_auc,10,0.5126612186431885,0.75,0.8434917330741882,0.696658,0.755556,0.750124,0.378458,0.757905,24258,4418,94.8
2026-05-11 19:32:12,DDSD_layers_20260511_193212,all,-,-,layers,"-7, -6, -5, -4, -3, -2, -1","DD_NA,DD_A",NDD_S,1.0,-,355,44,45,white,0.1,1.0,0.0,0.0,0.001,4,100,16,val_auc,10,0.5204031467437744,0.7272727489471436,0.8378099203109741,0.651111,0.733333,0.780494,0.311265,0.735178,24258,4418,94.8
2026-05-11 19:32:52,DDSD_layers_20260511_193252,all,-,-,layers,"-7, -6, -5, -4, -3, -2, -1","DD_NA,DD_A",NDD_S,1.0,-,355,44,45,pink,0.1,1.0,0.0,0.0,0.001,4,100,19,val_auc,10,0.5005735158920288,0.7727272510528564,0.8512396812438965,0.731325,0.711111,0.747654,0.266798,0.713439,24258,4418,94.8
2026-05-11 19:33:41,DDSD_layers_20260511_193341,all,-,-,layers,"-7, -6, -5, -4, -3, -2, -1","DD_NA,DD_A",NDD_S,1.0,-,355,44,45,factory,0.1,1.0,0.0,0.0,0.001,4,100,19,val_auc,10,0.5110657811164856,0.7272727489471436,0.8305785059928894,0.684773,0.755556,0.76642,0.244071,0.757905,24258,4418,94.8
2026-05-11 19:34:32,DDSD_layers_20260511_193432,all,-,-,layers,"-7, -6, -5, -4, -3, -2, -1","DD_NA,DD_A",NDD_S,1.0,-,355,44,45,babble,0.1,1.0,0.0,0.0,0.001,4,100,13,val_auc,10,0.4870825707912445,0.7727272510528564,0.8522727489471436,0.604363,0.755556,0.798519,0.222332,0.753953,24258,4418,94.8
2026-05-11 19:35:24,DDSD_layers_20260511_193523,all,-,-,layers,"-7, -6, -5, -4, -3, -2, -1","DD_NA,DD_A",NDD_S,1.0,-,355,44,45,white,0.1,1.0,0.0,0.0,0.001,16,100,31,val_auc,10,0.5324574112892151,0.7272727489471436,0.8197314739227295,0.656059,0.711111,0.767901,0.266798,0.711462,24258,4418,94.8
2026-05-11 19:36:16,DDSD_layers_20260511_193616,all,-,-,layers,"-7, -6, -5, -4, -3, -2, -1","DD_NA,DD_A",NDD_S,1.0,-,355,44,45,pink,0.1,1.0,0.0,0.0,0.001,16,100,30,val_auc,10,0.5083354115486145,0.7272727489471436,0.8228305578231812,0.694778,0.644444,0.746667,0.355731,0.645257,24258,4418,94.8
2026-05-11 19:37:32,DDSD_layers_20260511_193732,all,-,-,layers,"-7, -6, -5, -4, -3, -2, -1","DD_NA,DD_A",NDD_S,1.0,-,355,44,45,factory,0.1,1.0,0.0,0.0,0.001,16,100,36,val_auc,10,0.5102428793907166,0.7272727489471436,0.8212810158729553,0.696365,0.711111,0.765679,0.199605,0.709486,24258,4418,94.8
2026-05-11 19:38:19,DDSD_layers_20260511_193819,all,-,-,layers,"-7, -6, -5, -4, -3, -2, -1","DD_NA,DD_A",NDD_S,1.0,-,355,44,45,babble,0.1,1.0,0.0,0.0,0.001,16,100,20,val_auc,10,0.5095865726470947,0.7272727489471436,0.827479362487793,0.6896,0.733333,0.756049,0.266798,0.732213,24258,4418,94.8
2026-05-11 19:39:07,DDSD_layers_20260511_193907,all,-,-,layers,"-7, -6, -5, -4, -3, -2, -1","DD_NA,DD_A",NDD_S,1.0,-,355,44,45,white,0.1,1.0,0.0,0.0,0.001,32,100,37,val_auc,10,0.5585540533065796,0.75,0.7944214940071106,0.694793,0.733333,0.75358,0.266798,0.735178,24258,4418,94.8
2026-05-11 19:39:49,DDSD_layers_20260511_193949,all,-,-,layers,"-7, -6, -5, -4, -3, -2, -1","DD_NA,DD_A",NDD_S,1.0,-,355,44,45,pink,0.1,1.0,0.0,0.0,0.001,32,100,37,val_auc,10,0.4771794378757477,0.7727272510528564,0.8481404781341553,0.672715,0.777778,0.781235,0.221344,0.778656,24258,4418,94.8
2026-05-11 19:40:59,DDSD_layers_20260511_194059,all,-,-,layers,"-7, -6, -5, -4, -3, -2, -1","DD_NA,DD_A",NDD_S,1.0,-,355,44,45,factory,0.1,1.0,0.0,0.0,0.001,32,100,46,val_auc,10,0.5156176090240479,0.7272727489471436,0.8228305578231812,0.695393,0.711111,0.750617,0.266798,0.713439,24258,4418,94.8
2026-05-11 19:42:10,DDSD_layers_20260511_194210,all,-,-,layers,"-7, -6, -5, -4, -3, -2, -1","DD_NA,DD_A",NDD_S,1.0,-,355,44,45,babble,0.1,1.0,0.0,0.0,0.001,32,100,41,val_auc,10,0.4945814907550812,0.75,0.8243801593780518,0.745218,0.688889,0.744691,0.311265,0.688735,24258,4418,94.8
2026-05-11 19:43:51,DDSD_layers_20260511_194351,all,-,-,layers,"-7, -6, -5, -4, -3, -2, -1","DD_NA,DD_A",NDD_S,1.0,-,355,44,45,white,0.1,1.0,0.0,0.0,0.0001,64,100,100,val_auc,10,0.5716545581817627,0.7045454382896423,0.7745351791381836,0.665715,0.622222,0.737778,0.26581,0.619565,24258,4418,94.8
2026-05-11 19:45:46,DDSD_layers_20260511_194546,all,-,-,layers,"-7, -6, -5, -4, -3, -2, -1","DD_NA,DD_A",NDD_S,1.0,-,355,44,45,pink,0.1,1.0,0.0,0.0,0.0001,64,100,100,val_auc,10,0.5477921962738037,0.7045454382896423,0.7908058166503906,0.654365,0.644444,0.743951,0.288538,0.642292,24258,4418,94.8
2026-05-11 19:47:51,DDSD_layers_20260511_194751,all,-,-,layers,"-7, -6, -5, -4, -3, -2, -1","DD_NA,DD_A",NDD_S,1.0,-,355,44,45,factory,0.1,1.0,0.0,0.0,0.0001,64,100,85,val_auc,10,0.5416976809501648,0.7045454382896423,0.78925621509552,0.610353,0.666667,0.771358,0.311265,0.66502,24258,4418,94.8
2026-05-11 19:50:21,DDSD_layers_20260511_195021,all,-,-,layers,"-7, -6, -5, -4, -3, -2, -1","DD_NA,DD_A",NDD_S,1.0,-,355,44,45,babble,0.1,1.0,0.0,0.0,0.0001,64,100,100,val_auc,10,0.5332975387573242,0.6818181872367859,0.8057851195335388,0.634172,0.688889,0.758519,0.311265,0.684783,24258,4418,94.8
2026-05-11 19:50:55,DDSD_layers_20260511_195055,all,-,-,layers,all,"DD_NA,DD_A",NDD_S,1.0,-,355,44,45,white,0.1,1.0,0.0,0.0,0.001,4,100,14,val_auc,10,0.5297905206680298,0.75,0.8352272510528564,0.656521,0.644444,0.744938,0.333992,0.640316,24258,23106,94.8
2026-05-11 19:51:29,DDSD_layers_20260511_195129,all,-,-,layers,all,"DD_NA,DD_A",NDD_S,1.0,-,355,44,45,pink,0.1,1.0,0.0,0.0,0.001,4,100,14,val_auc,10,0.48412835597991943,0.75,0.8305784463882446,0.626347,0.666667,0.782222,0.311265,0.663043,24258,23106,94.8
2026-05-11 19:52:23,DDSD_layers_20260511_195223,all,-,-,layers,all,"DD_NA,DD_A",NDD_S,1.0,-,355,44,45,factory,0.1,1.0,0.0,0.0,0.001,4,100,20,val_auc,10,0.5238472819328308,0.75,0.8329029083251953,0.683767,0.755556,0.826667,0.244071,0.753953,24258,23106,94.8
2026-05-11 19:53:15,DDSD_layers_20260511_195315,all,-,-,layers,all,"DD_NA,DD_A",NDD_S,1.0,-,355,44,45,babble,0.1,1.0,0.0,0.0,0.001,4,100,17,val_auc,10,0.48782071471214294,0.7727272510528564,0.850723147392273,0.87904,0.711111,0.772839,0.244071,0.710474,24258,23106,94.8
2026-05-11 19:54:06,DDSD_layers_20260511_195406,all,-,-,layers,all,"DD_NA,DD_A",NDD_S,1.0,-,355,44,45,white,0.1,1.0,0.0,0.0,0.0001,4,100,21,val_auc,10,0.5111367106437683,0.7272727489471436,0.8290289640426636,0.549012,0.711111,0.817778,0.312253,0.710474,24258,23106,94.8
2026-05-11 19:54:53,DDSD_layers_20260511_195453,all,-,-,layers,all,"DD_NA,DD_A",NDD_S,1.0,-,355,44,45,pink,0.1,1.0,0.0,0.0,0.0001,4,100,23,val_auc,10,0.5844255089759827,0.7045454382896423,0.768336832523346,0.503073,0.733333,0.841975,0.266798,0.731225,24258,23106,94.8
2026-05-11 19:55:44,DDSD_layers_20260511_195544,all,-,-,layers,all,"DD_NA,DD_A",NDD_S,1.0,-,355,44,45,factory,0.1,1.0,0.0,0.0,0.0001,4,100,19,val_auc,10,0.49400633573532104,0.7272727489471436,0.8192148208618164,0.662381,0.733333,0.752593,0.266798,0.733202,24258,23106,94.8
2026-05-11 19:56:44,DDSD_layers_20260511_195644,all,-,-,layers,all,"DD_NA,DD_A",NDD_S,1.0,-,355,44,45,babble,0.1,1.0,0.0,0.0,0.0001,4,100,21,val_auc,10,0.5140690207481384,0.75,0.79648756980896,0.577908,0.733333,0.802469,0.266798,0.731225,24258,23106,94.8
2026-05-11 19:57:22,DDSD_layers_20260511_195722,all,-,-,layers,all,"DD_NA,DD_A",NDD_S,1.0,-,355,44,45,white,0.1,1.0,0.0,0.0,0.001,16,100,17,val_auc,10,0.5069533586502075,0.7727272510528564,0.8166322112083435,0.670236,0.822222,0.820494,0.222332,0.825099,24258,23106,94.8
2026-05-11 19:57:57,DDSD_layers_20260511_195756,all,-,-,layers,all,"DD_NA,DD_A",NDD_S,1.0,-,355,44,45,pink,0.1,1.0,0.0,0.0,0.001,16,100,14,val_auc,10,0.5261309146881104,0.7272727489471436,0.8228305578231812,0.60898,0.8,0.78321,0.199605,0.800395,24258,23106,94.8
2026-05-11 19:58:30,DDSD_layers_20260511_195830,all,-,-,layers,all,"DD_NA,DD_A",NDD_S,1.0,-,355,44,45,factory,0.1,1.0,0.0,0.0,0.001,16,100,13,val_auc,10,0.5143999457359314,0.75,0.836776852607727,0.543813,0.777778,0.823951,0.177866,0.778656,24258,23106,94.8
2026-05-11 19:59:05,DDSD_layers_20260511_195905,all,-,-,layers,all,"DD_NA,DD_A",NDD_S,1.0,-,355,44,45,babble,0.1,1.0,0.0,0.0,0.001,16,100,14,val_auc,10,0.5062243938446045,0.7272727489471436,0.8360021114349365,0.743375,0.688889,0.766914,0.311265,0.688735,24258,23106,94.8
2026-05-11 19:59:37,DDSD_layers_20260511_195937,all,-,-,layers,all,"DD_NA,DD_A",NDD_S,1.0,-,355,44,45,white,0.1,1.0,0.0,0.0,0.0001,64,100,16,val_auc,10,0.6414039731025696,0.6136363744735718,0.7143595218658447,0.635306,0.688889,0.71037,0.311265,0.684783,24258,23106,94.8
2026-05-11 20:00:32,DDSD_layers_20260511_200032,all,-,-,layers,all,"DD_NA,DD_A",NDD_S,1.0,-,355,44,45,pink,0.1,1.0,0.0,0.0,0.0001,64,100,31,val_auc,10,0.5795595049858093,0.6590909361839294,0.7665289640426636,0.573392,0.666667,0.785185,0.311265,0.662055,24258,23106,94.8
2026-05-11 20:01:54,DDSD_layers_20260511_200154,all,-,-,layers,all,"DD_NA,DD_A",NDD_S,1.0,-,355,44,45,factory,0.1,1.0,0.0,0.0,0.0001,64,100,42,val_auc,10,0.5732305645942688,0.7045454382896423,0.7995867729187012,0.639805,0.711111,0.787901,0.244071,0.709486,24258,23106,94.8
2026-05-11 20:03:40,DDSD_layers_20260511_200339,all,-,-,layers,all,"DD_NA,DD_A",NDD_S,1.0,-,355,44,45,babble,0.1,1.0,0.0,0.0,0.0001,64,100,56,val_auc,10,0.5722110867500305,0.6590909361839294,0.7716942429542542,0.650891,0.733333,0.782222,0.266798,0.733202,24258,23106,94.8
